tie_id,name,user_reported_missing,old_15_tie_twice,old_20_tie_twice,old_20_tie_once,new_20_tie_once,new_evaluated_topwear_cases,new_eligible_topwear_cases,new_selected_topwear_cases,new_status
T001,Gucci — Taupe horsebit — Taupe horsebit,False,2,8,16,19,32,32,19,SELECTED_IN_CONTROLLED_MATRIX
T002,Tom James — Tobacco / blue medallion grid — Tobacco,False,8,14,17,19,32,32,19,SELECTED_IN_CONTROLLED_MATRIX
T003,Gucci — Rust / blue-grey linked scroll — Rust,False,10,16,13,18,32,32,18,SELECTED_IN_CONTROLLED_MATRIX
T004,Hermes Paris — Burnt-orange near-solid geometric — Burnt-orange near-solid geometric,True,26,31,26,21,32,32,21,SELECTED_IN_CONTROLLED_MATRIX
T005,Paul Fredrick — Dark brown / gold medallions — Dark brown,False,24,24,24,22,32,32,22,SELECTED_IN_CONTROLLED_MATRIX
T006,Paul Fredrick — Dark ground / blue-gold floral — Dark ground,False,0,0,1,6,32,32,6,SELECTED_IN_CONTROLLED_MATRIX
T007,DKNY — Charcoal / pale-pink diagonal lattice — Charcoal,True,0,0,0,18,32,32,18,SELECTED_IN_CONTROLLED_MATRIX
T008,The Men's Store at Bloomingdale's — Gold / blue large geometric — Gold,True,0,0,0,13,32,32,13,SELECTED_IN_CONTROLLED_MATRIX
T009,"Holland & Sherry, London 1836 — Gold / blue medallion mosaic — Gold",True,0,0,0,17,32,32,17,SELECTED_IN_CONTROLLED_MATRIX
T010,Paul Fredrick — Near-black / white spaced dots — Near-black,False,1,2,2,11,32,32,11,SELECTED_IN_CONTROLLED_MATRIX
T011,Paul Fredrick — Near-black / fine white dots — Near-black,False,0,0,0,14,32,32,14,SELECTED_IN_CONTROLLED_MATRIX
T012,DKNY — Black tonal lattice — Black tonal lattice,True,12,17,25,2,32,32,2,SELECTED_IN_CONTROLLED_MATRIX
T013,Tommy Hilfiger — Vivid red / small pale motifs — Vivid red,False,0,0,0,9,32,32,9,SELECTED_IN_CONTROLLED_MATRIX
T014,"Merack, Silk Woven — Dark ground / silver ring dots — Dark ground",True,0,0,0,4,32,32,4,SELECTED_IN_CONTROLLED_MATRIX
T015,Calvin Klein — Navy / fine diagonal stripe — Navy,False,31,35,29,11,32,32,11,SELECTED_IN_CONTROLLED_MATRIX
T016,Paul Fredrick — Burgundy-red / silver diagonal stripe — Burgundy-red,False,3,7,22,24,32,32,24,SELECTED_IN_CONTROLLED_MATRIX
T017,Geoffrey Beene — Pale blue / white paisley — Pale blue,True,0,0,1,26,32,32,26,SELECTED_IN_CONTROLLED_MATRIX
T018,Paul Fredrick — Dark brown / slate-blue paisley — Dark brown,False,37,44,28,18,32,32,18,SELECTED_IN_CONTROLLED_MATRIX
T019,Dior — Pearl silver tonal lattice — Pearl silver tonal lattice,True,1,7,9,4,32,32,4,SELECTED_IN_CONTROLLED_MATRIX
T020,Paul Fredrick — Navy / burgundy-tan paisley — Navy,False,9,21,21,4,32,32,4,SELECTED_IN_CONTROLLED_MATRIX
T021,Paul Fredrick — Dark navy / gold medallions — Dark navy,False,25,32,31,11,32,32,11,SELECTED_IN_CONTROLLED_MATRIX
T022,Brand not confirmed — Deep navy tonal honeycomb — Deep navy tonal honeycomb,False,34,42,31,4,32,32,4,SELECTED_IN_CONTROLLED_MATRIX
T023,Paul Fredrick — Burgundy / blue paisley — Burgundy,False,34,34,28,20,32,32,20,SELECTED_IN_CONTROLLED_MATRIX
T024,Royal blue / beige-gold paisley — Royal blue,False,0,0,3,17,32,32,17,SELECTED_IN_CONTROLLED_MATRIX
T025,Paul Fredrick — Muted slate-brown / wine paisley — Muted slate-brown,False,19,21,25,12,32,32,12,SELECTED_IN_CONTROLLED_MATRIX
T026,Gucci — Ice-blue / silver monogram — Ice-blue,False,0,0,0,17,32,32,17,SELECTED_IN_CONTROLLED_MATRIX
T027,Paul Fredrick — Deep purple / pale medallions — Deep purple,False,0,5,12,1,32,32,1,SELECTED_IN_CONTROLLED_MATRIX
T028,Paul Fredrick — Midnight-navy tonal paisley — Midnight-navy tonal paisley,False,42,50,32,13,32,32,13,SELECTED_IN_CONTROLLED_MATRIX
T029,Paul Fredrick — Navy / silver ornamental medallions — Navy,False,27,35,27,5,32,32,5,SELECTED_IN_CONTROLLED_MATRIX
T030,Frangi — Aubergine tonal geometric — Aubergine tonal geometric,True,18,21,22,15,32,32,15,SELECTED_IN_CONTROLLED_MATRIX
T031,Nautica — Navy / purple-white regimental stripe — Navy,True,11,17,23,11,32,32,11,SELECTED_IN_CONTROLLED_MATRIX
T032,Versace Collection — Purple / navy-white diagonal stripe — Purple,False,0,0,9,13,32,32,13,SELECTED_IN_CONTROLLED_MATRIX
T033,Gucci — Dark navy / blue-gold monogram — Dark navy,False,26,34,30,21,32,32,21,SELECTED_IN_CONTROLLED_MATRIX
T034,Paul Fredrick — Bronze / dark woven checkerboard — Bronze,True,0,0,1,7,32,32,7,SELECTED_IN_CONTROLLED_MATRIX
T035,Gucci — Navy / blue monogram — Navy,True,16,34,32,11,32,32,11,SELECTED_IN_CONTROLLED_MATRIX
T036,Jos. A. Bank — Purple / grey ornamental medallions — Purple,True,4,5,10,13,32,32,13,SELECTED_IN_CONTROLLED_MATRIX
T037,Brooks Brothers — Dusty rose / blue medallions — Dusty rose,True,0,0,0,12,32,32,12,SELECTED_IN_CONTROLLED_MATRIX
T038,Holland & Sherry — Fuchsia / pale-blue floral — Fuchsia,False,0,0,0,16,32,32,16,SELECTED_IN_CONTROLLED_MATRIX
T039,Paul Fredrick — Navy / light-blue floral — Navy,True,29,42,30,19,32,32,19,SELECTED_IN_CONTROLLED_MATRIX
T040,Dior — Charcoal tonal geometric — Charcoal tonal geometric,True,0,0,0,6,32,32,6,SELECTED_IN_CONTROLLED_MATRIX
T041,Gucci — Silver / navy monogram — Silver,False,0,0,2,7,32,32,7,SELECTED_IN_CONTROLLED_MATRIX
T042,Paul Fredrick — Black / purple dots — Black,True,0,0,1,0,32,32,0,ELIGIBLE_REVIEWED_NOT_SELECTED_IN_THESE_LISTS
T043,Paul Fredrick — Black / muted pale floral outline — Black,False,1,2,2,0,32,32,0,ELIGIBLE_REVIEWED_NOT_SELECTED_IN_THESE_LISTS
T044,Paul Fredrick — Silver-grey tonal floral-paisley — Silver-grey tonal floral-paisley,True,0,0,0,20,32,32,20,SELECTED_IN_CONTROLLED_MATRIX
T045,1826 — Pale pink / blue micro-dot — Pale pink,True,0,0,0,18,32,32,18,SELECTED_IN_CONTROLLED_MATRIX
T046,Louis Vuitton — Pink / silver check — Pink,True,0,0,0,12,32,32,12,SELECTED_IN_CONTROLLED_MATRIX
T047,,True,0,0,0,0,32,32,0,ELIGIBLE_REVIEWED_NOT_SELECTED_IN_THESE_LISTS
