topwear,baseline15_tie2,baseline20_tie2,baseline20_tie1,new20_tie1,new_reason
S01,15,20,20,20,
S02,15,20,20,20,
S03,15,20,20,20,
S04,15,20,20,20,
S05,15,20,20,20,
S06,15,20,20,20,
S07,15,20,20,20,
S08,15,20,20,20,
S09,15,20,20,20,
S10,15,20,20,20,
S11,15,20,20,20,
S12,15,20,20,20,
S13,15,20,20,20,
S14,15,20,20,20,
S15,15,20,20,20,
S16,15,20,20,20,
S17,15,20,20,20,
S18,15,20,20,20,
B01,15,20,20,20,
B02,15,20,20,20,
B03,15,20,20,20,
B04,15,20,20,20,
B05,15,20,20,20,
B06,15,20,20,20,
B07,15,20,20,20,
B08,15,20,20,20,
B09,15,20,20,20,
B10,15,20,20,20,
B11,15,20,20,20,
B12,15,20,20,20,
B13,15,20,20,20,
B14,15,16,16,16,"Found 16 distinct outfits within source eligibility, locks, weather, one-use tie and two-use other-item limits. The 8 source-eligible physical trousers allow at most 16 options at two uses each. No duplicated clothing or relaxed constraint was used."
