id,V1190_curated,V1190_heuristic,V1200_research,V1200_shirt_ids,V1200_tie_ids,V1200_shoe_ids,V1200_no_tie
S01,3,15,15,9,10,8,0
S02,2,15,15,9,9,8,0
S03,3,15,15,11,10,8,1
S04,2,15,15,14,12,8,1
S05,2,15,15,12,10,8,1
S06,3,15,15,13,9,8,1
S07,1,15,15,12,10,8,1
S08,3,15,15,10,10,8,0
S09,2,15,15,11,10,8,0
S10,14,15,15,15,12,8,1
S11,3,15,15,15,12,8,1
S12,2,15,15,11,9,8,1
S13,2,15,15,10,10,8,0
S14,2,15,15,11,10,8,0
S15,3,15,15,10,9,8,0
S16,2,15,15,11,10,8,0
S17,3,15,15,12,9,8,1
S18,2,15,15,14,10,8,1
B01,2,15,15,9,9,8,1
B02,3,15,15,9,8,8,1
B03,2,15,15,10,8,8,1
B04,2,15,15,9,9,8,1
B05,2,15,15,10,7,8,2
B06,3,15,15,9,8,8,2
B07,2,15,15,9,8,8,2
B08,2,15,15,8,8,8,2
B09,2,15,15,9,10,8,1
B10,3,15,15,9,9,8,2
B11,2,15,15,10,8,8,1
B12,2,15,15,10,8,8,1
B13,3,15,15,11,9,8,1
B14,2,15,15,10,8,8,2
NO_ANCHOR,15,15,15,14,11,9,1
